id,event_flow,event_id,entity_id,entity_table,start_time,end_time,duration,start_datetime,end_datetime
1,Project_Lifecycle,1,1,Deliverable,20272.38148700031,47430.44982493142,27158.06833793111,2020-01-15 01:52:22.889220,2020-02-02 22:30:26.989496
2,Project_Lifecycle,2,2,Deliverable,47430.44982493142,72325.12059767338,24894.670772741956,2020-02-02 22:30:26.989496,2020-02-20 05:25:07.235860
3,Project_Lifecycle,3,3,Deliverable,59711.499810121495,91525.6956857093,31814.195875587808,2020-02-11 11:11:29.988607,2020-03-04 13:25:41.741143
4,Project_Lifecycle,4,4,Deliverable,72325.12059767338,108913.80007810338,36588.67948043,2020-02-20 05:25:07.235860,2020-03-16 15:13:48.004686
5,Project_Lifecycle,5,5,Deliverable,91525.6956857093,125956.97980764319,34431.28412193389,2020-03-04 13:25:41.741143,2020-03-28 11:16:58.788459
6,Project_Lifecycle,6,6,Deliverable,108913.80007810338,145545.58898717555,36631.78890907217,2020-03-16 15:13:48.004686,2020-04-11 01:45:35.339231
7,Project_Lifecycle,7,7,Deliverable,125956.97980764319,163202.31725068486,37245.33744304167,2020-03-28 11:16:58.788459,2020-04-23 08:02:19.035041
8,Project_Lifecycle,8,8,Deliverable,163202.31725068486,191594.57993529848,28392.26268461361,2020-04-23 08:02:19.035041,2020-05-13 01:14:34.796118
9,Project_Lifecycle,9,9,Deliverable,188174.8124896209,212638.41615122525,24463.603661604342,2020-05-10 16:14:48.749377,2020-05-27 15:58:24.969074
10,Project_Lifecycle,10,10,Deliverable,212638.41615122525,234599.90959326585,21961.493442040606,2020-05-27 15:58:24.969074,2020-06-11 21:59:54.575596
11,Project_Lifecycle,11,11,Deliverable,234599.90959326585,268701.5290264167,34101.61943315086,2020-06-11 21:59:54.575596,2020-07-05 14:21:31.741585
12,Project_Lifecycle,12,12,Deliverable,268701.5290264167,292355.7543213355,23654.22529491881,2020-07-05 14:21:31.741585,2020-07-22 00:35:45.259280
13,Project_Lifecycle,13,13,Deliverable,273336.9152748297,305206.19081522163,31869.275540391915,2020-07-08 19:36:54.916490,2020-07-30 22:46:11.448913
14,Project_Lifecycle,14,14,Deliverable,305206.19081522163,325583.11920686427,20376.928391642636,2020-07-30 22:46:11.448913,2020-08-14 02:23:07.152412
15,Project_Lifecycle,16,16,Deliverable,325583.11920686427,352565.39113398263,26982.27192711836,2020-08-14 02:23:07.152412,2020-09-01 20:05:23.468039
16,Project_Lifecycle,15,15,Deliverable,308334.63325648685,358159.8512559321,49825.217999445274,2020-08-02 02:54:37.995389,2020-09-05 17:19:51.075356
17,Project_Lifecycle,17,17,Deliverable,329908.1731286159,361254.9938914237,31346.820762807794,2020-08-17 02:28:10.387717,2020-09-07 20:54:59.633485
18,Project_Lifecycle,18,18,Deliverable,346373.69032642286,376328.31010373763,29954.619777314772,2020-08-28 12:53:41.419585,2020-09-18 08:08:18.606224
19,Project_Lifecycle,19,19,Deliverable,352565.39113398263,378955.81939266215,26390.428258679516,2020-09-01 20:05:23.468039,2020-09-20 03:55:49.163560
20,Project_Lifecycle,22,22,Deliverable,361388.3723667614,386367.03426350787,24978.66189674649,2020-09-07 23:08:22.342006,2020-09-25 07:27:02.055810
21,Project_Lifecycle,23,23,Deliverable,376328.31010373763,397352.8880242431,21024.577920505486,2020-09-18 08:08:18.606224,2020-10-02 22:32:53.281455
22,Project_Lifecycle,21,21,Deliverable,361254.9938914237,397462.1089301788,36207.11503875512,2020-09-07 20:54:59.633485,2020-10-03 00:22:06.535811
23,Project_Lifecycle,20,20,Deliverable,358159.8512559321,398216.5867907844,40056.735534852254,2020-09-05 17:19:51.075356,2020-10-03 12:56:35.207447
24,Project_Lifecycle,24,24,Deliverable,386367.03426350787,417045.4898347514,30678.45557124354,2020-09-25 07:27:02.055810,2020-10-16 14:45:29.390085
25,Project_Lifecycle,27,27,Deliverable,398216.5867907844,423638.32714787964,25421.74035709526,2020-10-03 12:56:35.207447,2020-10-21 04:38:19.628873
26,Project_Lifecycle,26,26,Deliverable,397462.1089301788,424357.49473993503,26895.385809756233,2020-10-03 00:22:06.535811,2020-10-21 16:37:29.684396
27,Project_Lifecycle,25,25,Deliverable,397352.8880242431,433964.81938798714,36611.93136374402,2020-10-02 22:32:53.281455,2020-10-28 08:44:49.163279
28,Project_Lifecycle,28,28,Deliverable,412824.13842369296,440830.21777622006,28006.0793525271,2020-10-13 16:24:08.305422,2020-11-02 03:10:13.066573
29,Project_Lifecycle,29,29,Deliverable,417045.4898347514,442251.6344724896,25206.14463773818,2020-10-16 14:45:29.390085,2020-11-03 02:51:38.068349
30,Project_Lifecycle,30,30,Deliverable,423638.32714787964,453814.84441490984,30176.517267030198,2020-10-21 04:38:19.628873,2020-11-11 03:34:50.664895
31,Project_Lifecycle,32,32,Deliverable,433964.81938798714,460767.6709278448,26802.851539857686,2020-10-28 08:44:49.163279,2020-11-15 23:27:40.255671
32,Project_Lifecycle,35,35,Deliverable,442251.6344724896,462031.1183671686,19779.483894678997,2020-11-03 02:51:38.068349,2020-11-16 20:31:07.102030
33,Project_Lifecycle,31,31,Deliverable,424357.49473993503,462908.8459764793,38551.35123654426,2020-10-21 16:37:29.684396,2020-11-17 11:08:50.758589
34,Project_Lifecycle,33,33,Deliverable,437031.50075159426,467772.9999361302,30741.499184535933,2020-10-30 11:51:30.045096,2020-11-20 20:12:59.996168
35,Project_Lifecycle,34,34,Deliverable,440830.21777622006,478151.448782001,37321.23100578092,2020-11-02 03:10:13.066573,2020-11-28 01:11:26.926920
36,Project_Lifecycle,36,36,Deliverable,466342.9214765059,490711.32814882876,24368.40667232289,2020-11-19 20:22:55.288590,2020-12-06 18:31:19.688930
37,Project_Lifecycle,37,37,Deliverable,467772.9999361302,493988.0163848464,26215.016448716226,2020-11-20 20:12:59.996168,2020-12-09 01:08:00.983091
38,Project_Lifecycle,38,38,Deliverable,478151.448782001,503089.2811417459,24937.832359744934,2020-11-28 01:11:26.926920,2020-12-15 08:49:16.868505
39,Project_Lifecycle,40,40,Deliverable,493988.0163848464,518392.374286596,24404.35790174961,2020-12-09 01:08:00.983091,2020-12-25 23:52:22.457196
40,Project_Lifecycle,39,39,Deliverable,490711.32814882876,525123.7598399877,34412.43169115897,2020-12-06 18:31:19.688930,2020-12-30 16:03:45.590399
41,Project_Lifecycle,41,41,Deliverable,503089.2811417459,526816.579578479,23727.298436733137,2020-12-15 08:49:16.868505,2020-12-31 20:16:34.774709
42,Project_Lifecycle,42,42,Deliverable,518392.374286596,545838.2761200547,27445.90183345863,2020-12-25 23:52:22.457196,2021-01-14 01:18:16.567203
43,Project_Lifecycle,43,43,Deliverable,525123.7598399877,550551.2656682042,25427.50582821644,2020-12-30 16:03:45.590399,2021-01-17 07:51:15.940092
44,Project_Lifecycle,44,44,Deliverable,550551.2656682042,569192.0252765266,18640.759608322405,2021-01-17 07:51:15.940092,2021-01-30 06:32:01.516592
45,Project_Lifecycle,45,45,Deliverable,635412.7352919874,662714.5926062323,27301.857314244844,2021-03-17 06:12:44.117519,2021-04-05 05:14:35.556374
46,Project_Lifecycle,46,46,Deliverable,662714.5926062323,686655.9842672704,23941.391661038157,2021-04-05 05:14:35.556374,2021-04-21 20:15:59.056036
47,Project_Lifecycle,47,47,Deliverable,686655.9842672704,714013.299580464,27357.315313193598,2021-04-21 20:15:59.056036,2021-05-10 20:13:17.974828
48,Project_Lifecycle,48,48,Deliverable,708209.1970987526,726697.2269268673,18488.029828114668,2021-05-06 19:29:11.825925,2021-05-19 15:37:13.615612
49,Project_Lifecycle,49,49,Deliverable,714013.299580464,746276.2426910751,32262.943110611057,2021-05-10 20:13:17.974828,2021-06-02 05:56:14.561465
50,Project_Lifecycle,50,50,Deliverable,726697.2269268673,758498.6263931444,31801.3994662771,2021-05-19 15:37:13.615612,2021-06-10 17:38:37.583589
51,Project_Lifecycle,52,52,Deliverable,758498.6263931444,775455.3086630125,16956.68226986809,2021-06-10 17:38:37.583589,2021-06-22 12:15:18.519781
52,Project_Lifecycle,51,51,Deliverable,744657.622734634,782775.8016676249,38118.17893299088,2021-06-01 02:57:37.364078,2021-06-27 14:15:48.100057
53,Project_Lifecycle,54,54,Deliverable,782775.8016676249,805044.6495945047,22268.847926879884,2021-06-27 14:15:48.100057,2021-07-13 01:24:38.975670
54,Project_Lifecycle,55,55,Deliverable,784972.7637585034,818816.2018983319,33843.438139828504,2021-06-29 02:52:45.825510,2021-07-22 14:56:12.113900
55,Project_Lifecycle,53,53,Deliverable,775455.3086630125,824198.7819087829,48743.47324577044,2021-06-22 12:15:18.519781,2021-07-26 08:38:46.914527
56,Project_Lifecycle,56,56,Deliverable,805044.6495945047,827701.1868058607,22656.537211355986,2021-07-13 01:24:38.975670,2021-07-28 19:01:11.208352
57,Project_Lifecycle,57,57,Deliverable,818816.2018983319,837033.7918594393,18217.58996110747,2021-07-22 14:56:12.113900,2021-08-04 06:33:47.511566
58,Project_Lifecycle,58,58,Deliverable,827701.1868058607,846208.1173068312,18506.930500970455,2021-07-28 19:01:11.208352,2021-08-10 15:28:07.038410
59,Project_Lifecycle,59,59,Deliverable,837033.7918594393,871247.2101776678,34213.41831822845,2021-08-04 06:33:47.511566,2021-08-28 00:47:12.610660
60,Project_Lifecycle,60,60,Deliverable,871247.2101776678,889322.3981499042,18075.187972236425,2021-08-28 00:47:12.610660,2021-09-09 14:02:23.888994
61,Project_Lifecycle,61,61,Deliverable,911156.1495987377,930404.976194514,19248.82659577625,2021-09-24 17:56:08.975924,2021-10-08 02:44:58.571671
62,Project_Lifecycle,62,62,Deliverable,930404.976194514,960228.0608616819,29823.084667167976,2021-10-08 02:44:58.571671,2021-10-28 19:48:03.651701
63,Project_Lifecycle,63,63,Deliverable,949697.4996027914,978058.1033794144,28360.60377662303,2021-10-21 12:17:29.976167,2021-11-10 04:58:06.202765
64,Project_Lifecycle,64,64,Deliverable,960228.0608616819,991439.9508515837,31211.8899899018,2021-10-28 19:48:03.651701,2021-11-19 11:59:57.051095
65,Project_Lifecycle,65,65,Deliverable,964942.5620797846,993019.9665655465,28077.404485761886,2021-11-01 02:22:33.724787,2021-11-20 14:19:57.993933
66,Project_Lifecycle,66,66,Deliverable,965871.3130115079,994570.5933330841,28699.280321576283,2021-11-01 17:51:18.780690,2021-11-21 16:10:35.599985
67,Project_Lifecycle,67,67,Deliverable,978058.1033794144,1002249.3108136144,24191.207434199983,2021-11-10 04:58:06.202765,2021-11-27 00:09:18.648817
68,Project_Lifecycle,68,68,Deliverable,978058.1033794144,1009483.9277369619,31425.824357547448,2021-11-10 04:58:06.202765,2021-12-02 00:43:55.664218
69,Project_Lifecycle,71,71,Deliverable,994570.5933330841,1013006.9402059029,18436.346872818773,2021-11-21 16:10:35.599985,2021-12-04 11:26:56.412354
70,Project_Lifecycle,69,69,Deliverable,991439.9508515837,1015555.944349216,24115.99349763221,2021-11-19 11:59:57.051095,2021-12-06 05:55:56.660953
71,Project_Lifecycle,70,70,Deliverable,993019.9665655465,1024014.060715741,30994.09415019455,2021-11-20 14:19:57.993933,2021-12-12 02:54:03.642944
72,Project_Lifecycle,74,74,Deliverable,1009483.9277369619,1030002.1391709736,20518.211434011697,2021-12-02 00:43:55.664218,2021-12-16 06:42:08.350258
73,Project_Lifecycle,75,75,Deliverable,1013006.9402059029,1030215.2361188418,17208.29591293889,2021-12-04 11:26:56.412354,2021-12-16 10:15:14.167131
74,Project_Lifecycle,72,72,Deliverable,1002249.3108136144,1035819.6603926767,33570.34957906231,2021-11-27 00:09:18.648817,2021-12-20 07:39:39.623561
75,Project_Lifecycle,73,73,Deliverable,1008419.5510929516,1044083.3418303106,35663.790737359086,2021-12-01 06:59:33.065577,2021-12-26 01:23:20.509819
76,Project_Lifecycle,76,76,Deliverable,1024014.060715741,1050468.2619270878,26454.20121134678,2021-12-12 02:54:03.642944,2021-12-30 11:48:15.715625
77,Project_Lifecycle,78,78,Deliverable,1030215.2361188418,1052197.1339919611,21981.897873119335,2021-12-16 10:15:14.167131,2021-12-31 16:37:08.039518
78,Project_Lifecycle,77,77,Deliverable,1030002.1391709736,1058640.7671660935,28638.627995119896,2021-12-16 06:42:08.350258,2022-01-05 04:00:46.029966
79,Project_Lifecycle,79,79,Deliverable,1035819.6603926767,1068001.2797659356,32181.6193732589,2021-12-20 07:39:39.623561,2022-01-11 16:01:16.785956
80,Project_Lifecycle,80,80,Deliverable,1044083.3418303106,1072666.9354940166,28583.59366370598,2021-12-26 01:23:20.509819,2022-01-14 21:46:56.129641
81,Project_Lifecycle,81,81,Deliverable,1050468.2619270878,1075374.2685897204,24906.00666263257,2021-12-30 11:48:15.715625,2022-01-16 18:54:16.115383
82,Project_Lifecycle,83,83,Deliverable,1068779.4720111976,1094057.3197209528,25277.84770975518,2022-01-12 04:59:28.320672,2022-01-29 18:17:19.183257
83,Project_Lifecycle,84,84,Deliverable,1072666.9354940166,1096187.7989589684,23520.863464951748,2022-01-14 21:46:56.129641,2022-01-31 05:47:47.937538
84,Project_Lifecycle,86,86,Deliverable,1096187.7989589684,1110339.9285743062,14152.12961533782,2022-01-31 05:47:47.937538,2022-02-10 01:39:55.714458
85,Project_Lifecycle,82,82,Deliverable,1068001.2797659356,1111287.5366597066,43286.256893771,2022-01-11 16:01:16.785956,2022-02-10 17:27:32.199582
86,Project_Lifecycle,85,85,Deliverable,1094057.3197209528,1120173.3870642034,26116.067343250616,2022-01-29 18:17:19.183257,2022-02-16 21:33:23.223852
87,Project_Lifecycle,87,87,Deliverable,1120173.3870642034,1154162.1708920498,33988.783827846404,2022-02-16 21:33:23.223852,2022-03-12 12:02:10.253523
88,Project_Lifecycle,88,88,Deliverable,1138682.077707376,1167960.3028499784,29278.225142602343,2022-03-01 18:02:04.662443,2022-03-22 02:00:18.170999
89,Project_Lifecycle,90,90,Deliverable,1154162.1708920498,1176557.1005843282,22394.929692278383,2022-03-12 12:02:10.253523,2022-03-28 01:17:06.035060
90,Project_Lifecycle,89,89,Deliverable,1141221.4215181104,1185242.4472659512,44021.02574784076,2022-03-03 12:21:25.291087,2022-04-03 02:02:26.835957
91,Project_Lifecycle,92,92,Deliverable,1185242.4472659512,1203647.5141137172,18405.06684776605,2022-04-03 02:02:26.835957,2022-04-15 20:47:30.846823
92,Project_Lifecycle,91,91,Deliverable,1167960.3028499784,1209944.408986408,41984.10613642959,2022-03-22 02:00:18.170999,2022-04-20 05:44:24.539184
93,Project_Lifecycle,93,93,Deliverable,1188707.0877593437,1217127.7508057368,28420.663046393078,2022-04-05 11:47:05.265561,2022-04-25 05:27:45.048344
94,Project_Lifecycle,94,94,Deliverable,1203647.5141137172,1236710.5227275635,33063.008613846265,2022-04-15 20:47:30.846823,2022-05-08 19:50:31.363654
95,Project_Lifecycle,95,95,Deliverable,1209944.408986408,1239217.678642234,29273.269655826036,2022-04-20 05:44:24.539184,2022-05-10 13:37:40.718534
96,Project_Lifecycle,96,96,Deliverable,1217127.7508057368,1246221.3388834405,29093.588077703724,2022-04-25 05:27:45.048344,2022-05-15 10:21:20.333006
97,Project_Lifecycle,97,97,Deliverable,1236710.5227275635,1264906.1416892093,28195.618961645756,2022-05-08 19:50:31.363654,2022-05-28 09:46:08.501353
98,Project_Lifecycle,98,98,Deliverable,1239217.678642234,1272346.2625997877,33128.58395755361,2022-05-10 13:37:40.718534,2022-06-02 13:46:15.755987
99,Project_Lifecycle,99,99,Deliverable,1246221.3388834405,1280236.7506636614,34015.41178022092,2022-05-15 10:21:20.333006,2022-06-08 01:16:45.039820
100,Project_Lifecycle,101,101,Deliverable,1280236.7506636614,1301732.0375376313,21495.286873969948,2022-06-08 01:16:45.039820,2022-06-22 23:32:02.252258
101,Project_Lifecycle,100,100,Deliverable,1274684.277345197,1314385.1455626332,39700.86821743613,2022-06-04 04:44:16.640712,2022-07-01 18:25:08.733758
102,Project_Lifecycle,102,102,Deliverable,1314385.1455626332,1333097.8066191806,18712.661056547426,2022-07-01 18:25:08.733758,2022-07-14 18:17:48.397151
103,Project_Lifecycle,104,104,Deliverable,1333097.8066191806,1361176.7965715546,28078.989952374017,2022-07-14 18:17:48.397151,2022-08-03 06:16:47.794293
104,Project_Lifecycle,103,103,Deliverable,1322511.3926498096,1370498.511627985,47987.118978175335,2022-07-07 09:51:23.558989,2022-08-09 17:38:30.697679
105,Project_Lifecycle,105,105,Deliverable,1361176.7965715546,1393456.5523843237,32279.755812769057,2022-08-03 06:16:47.794293,2022-08-25 16:16:33.143059
106,Project_Lifecycle,106,106,Deliverable,1370498.511627985,1395026.8819923825,24528.37036439753,2022-08-09 17:38:30.697679,2022-08-26 18:26:52.919543
107,Project_Lifecycle,107,107,Deliverable,1395026.8819923825,1417750.277544395,22723.395552012604,2022-08-26 18:26:52.919543,2022-09-11 13:10:16.652664
108,Project_Lifecycle,108,108,Deliverable,1413383.6194379174,1424968.114934474,11584.495496556628,2022-09-08 12:23:37.166275,2022-09-16 13:28:06.896068
109,Project_Lifecycle,109,109,Deliverable,1417750.277544395,1439400.2458690414,21649.968324646354,2022-09-11 13:10:16.652664,2022-09-26 14:00:14.752142
110,Project_Lifecycle,111,111,Deliverable,1424968.114934474,1455846.3711557398,30878.256221265765,2022-09-16 13:28:06.896068,2022-10-08 00:06:22.269344
111,Project_Lifecycle,110,110,Deliverable,1422734.0081029704,1460461.321852222,37727.313749251654,2022-09-15 00:14:00.486178,2022-10-11 05:01:19.311133
112,Project_Lifecycle,113,113,Deliverable,1455846.3711557398,1479939.4681060084,24093.096950268606,2022-10-08 00:06:22.269344,2022-10-24 17:39:28.086361
113,Project_Lifecycle,114,114,Deliverable,1459501.7591539202,1487748.70339472,28246.944240799872,2022-10-10 13:01:45.549235,2022-10-30 03:48:42.203683
114,Project_Lifecycle,112,112,Deliverable,1450654.0900531684,1491703.6923472479,41049.602294079494,2022-10-04 09:34:05.403190,2022-11-01 21:43:41.540835
115,Project_Lifecycle,115,115,Deliverable,1460461.321852222,1493050.4994823183,32589.17763009621,2022-10-11 05:01:19.311133,2022-11-02 20:10:29.968939
116,Project_Lifecycle,116,116,Deliverable,1470491.683109945,1500884.8384624445,30393.15535249957,2022-10-18 04:11:40.986597,2022-11-08 06:44:50.307747
117,Project_Lifecycle,118,118,Deliverable,1479939.4681060084,1506909.3032861655,26969.835180157097,2022-10-24 17:39:28.086361,2022-11-12 11:09:18.197170
118,Project_Lifecycle,117,117,Deliverable,1487748.70339472,1512082.2278580992,24333.524463379057,2022-10-30 03:48:42.203683,2022-11-16 01:22:13.671486
119,Project_Lifecycle,120,120,Deliverable,1491703.6923472479,1516537.172388831,24833.48004158307,2022-11-01 21:43:41.540835,2022-11-19 03:37:10.343330
120,Project_Lifecycle,121,121,Deliverable,1493050.4994823183,1523239.7913300602,30189.29184774193,2022-11-02 20:10:29.968939,2022-11-23 19:19:47.479804
121,Project_Lifecycle,119,119,Deliverable,1487748.70339472,1530092.5680622195,42343.86466749944,2022-10-30 03:48:42.203683,2022-11-28 13:32:34.083733
122,Project_Lifecycle,123,123,Deliverable,1512082.2278580992,1538522.2344355283,26440.00657742913,2022-11-16 01:22:13.671486,2022-12-04 10:02:14.066132
123,Project_Lifecycle,122,122,Deliverable,1500884.8384624445,1540574.1805389915,39689.34207654698,2022-11-08 06:44:50.307747,2022-12-05 20:14:10.832339
124,Project_Lifecycle,124,124,Deliverable,1516537.172388831,1552331.5331306248,35794.36074179388,2022-11-19 03:37:10.343330,2022-12-14 00:11:31.987837
125,Project_Lifecycle,125,125,Deliverable,1523239.7913300602,1559961.06563583,36721.27430576971,2022-11-23 19:19:47.479804,2022-12-19 07:21:03.938150
126,Project_Lifecycle,127,127,Deliverable,1538522.2344355283,1564974.472603602,26452.238168073818,2022-12-04 10:02:14.066132,2022-12-22 18:54:28.356216
127,Project_Lifecycle,126,126,Deliverable,1530092.5680622195,1565934.954202327,35842.38614010741,2022-11-28 13:32:34.083733,2022-12-23 10:54:57.252140
128,Project_Lifecycle,129,129,Deliverable,1540574.1805389915,1567741.5292974385,27167.348758446984,2022-12-05 20:14:10.832339,2022-12-24 17:01:31.757846
129,Project_Lifecycle,128,128,Deliverable,1540125.8573177522,1574080.6196852217,33954.76236746949,2022-12-05 12:45:51.439065,2022-12-29 02:40:37.181113
130,Project_Lifecycle,130,130,Deliverable,1546603.5158365585,1574200.9153951586,27597.39955860004,2022-12-10 00:43:30.950194,2022-12-29 04:40:54.923710
131,Project_Lifecycle,131,131,Deliverable,1552331.5331306248,1577911.4005371109,25579.867406486068,2022-12-14 00:11:31.987837,2022-12-31 18:31:24.032227
132,Project_Lifecycle,134,134,Deliverable,1567741.5292974385,1589203.90409594,21462.37479850161,2022-12-24 17:01:31.757846,2023-01-08 14:43:54.245756
133,Project_Lifecycle,132,132,Deliverable,1564974.472603602,1595814.5715147534,30840.09891115129,2022-12-22 18:54:28.356216,2023-01-13 04:54:34.290885
134,Project_Lifecycle,133,133,Deliverable,1565934.954202327,1602520.2046286429,36585.250426315935,2022-12-23 10:54:57.252140,2023-01-17 20:40:12.277719
135,Project_Lifecycle,135,135,Deliverable,1574080.6196852217,1605168.2124503641,31087.592765142443,2022-12-29 02:40:37.181113,2023-01-19 16:48:12.747022
136,Project_Lifecycle,136,136,Deliverable,1574200.9153951586,1605819.8663349936,31618.95093983505,2022-12-29 04:40:54.923710,2023-01-20 03:39:51.980100
137,Project_Lifecycle,137,137,Deliverable,1582190.0983936042,1609788.9626285385,27598.864234934328,2023-01-03 17:50:05.903616,2023-01-22 21:48:57.757712
138,Project_Lifecycle,138,138,Deliverable,1605168.2124503641,1636069.6386190334,30901.426168669248,2023-01-19 16:48:12.747022,2023-02-10 03:49:38.317142
139,Project_Lifecycle,139,139,Deliverable,1605819.8663349936,1636658.3480877217,30838.481752728112,2023-01-20 03:39:51.980100,2023-02-10 13:38:20.885263
140,Project_Lifecycle,140,140,Deliverable,1609788.9626285385,1636665.818099645,26876.85547110648,2023-01-22 21:48:57.757712,2023-02-10 13:45:49.085979
141,Project_Lifecycle,142,142,Deliverable,1636658.3480877217,1664363.8539487766,27705.505861054873,2023-02-10 13:38:20.885263,2023-03-01 19:23:51.236927
142,Project_Lifecycle,141,141,Deliverable,1636069.6386190334,1676922.8421969477,40853.203577914275,2023-02-10 03:49:38.317142,2023-03-10 12:42:50.531817
143,Project_Lifecycle,143,143,Deliverable,1636665.818099645,1683400.182353012,46734.364253367065,2023-02-10 13:45:49.085979,2023-03-15 00:40:10.941181
144,Project_Lifecycle,144,144,Deliverable,1658296.013389157,1687937.6532662304,29641.639877073467,2023-02-25 14:16:00.803349,2023-03-18 04:17:39.195974
145,Project_Lifecycle,147,147,Deliverable,1687937.6532662304,1709657.1287107114,21719.47544448101,2023-03-18 04:17:39.195974,2023-04-02 06:17:07.722643
146,Project_Lifecycle,146,146,Deliverable,1679968.412623593,1712811.2380050768,32842.82538148388,2023-03-12 15:28:24.757416,2023-04-04 10:51:14.280305
147,Project_Lifecycle,145,145,Deliverable,1677700.881451807,1716770.9984876737,39070.117035866715,2023-03-11 01:40:52.887108,2023-04-07 04:50:59.909260
148,Project_Lifecycle,150,150,Deliverable,1687937.6532662304,1718217.1996279827,30279.54636175232,2023-03-18 04:17:39.195974,2023-04-08 04:57:11.977679
149,Project_Lifecycle,149,149,Deliverable,1683400.182353012,1721634.359359288,38234.17700627586,2023-03-15 00:40:10.941181,2023-04-10 13:54:21.561557
150,Project_Lifecycle,151,151,Deliverable,1709657.1287107114,1726909.9024739084,17252.77376319701,2023-04-02 06:17:07.722643,2023-04-14 05:49:54.148435
151,Project_Lifecycle,148,148,Deliverable,1709657.1287107114,1736472.0508118467,26814.922101135366,2023-04-02 06:17:07.722643,2023-04-20 21:12:03.048711
152,Project_Lifecycle,152,152,Deliverable,1712811.2380050768,1740495.329559461,27684.091554384213,2023-04-04 10:51:14.280305,2023-04-23 16:15:19.773568
153,Project_Lifecycle,154,154,Deliverable,1718217.1996279827,1750260.4569636227,32043.257335640024,2023-04-08 04:57:11.977679,2023-04-30 11:00:27.417817
154,Project_Lifecycle,155,155,Deliverable,1726909.9024739084,1753062.4208275338,26152.518353625434,2023-04-14 05:49:54.148435,2023-05-02 09:42:25.249652
155,Project_Lifecycle,153,153,Deliverable,1716770.9984876737,1758335.2639022775,41564.26541460375,2023-04-07 04:50:59.909260,2023-05-06 01:35:15.834137
156,Project_Lifecycle,156,156,Deliverable,1736472.0508118467,1768550.0192012244,32077.968389377696,2023-04-20 21:12:03.048711,2023-05-13 03:50:01.152073
157,Project_Lifecycle,157,157,Deliverable,1740495.329559461,1778265.7859110313,37770.45635157032,2023-04-23 16:15:19.773568,2023-05-19 21:45:47.154662
158,Project_Lifecycle,159,159,Deliverable,1753062.4208275338,1781830.3449738002,28767.92414626642,2023-05-02 09:42:25.249652,2023-05-22 09:10:20.698428
159,Project_Lifecycle,160,160,Deliverable,1758335.2639022775,1782135.9445310147,23800.680628737202,2023-05-06 01:35:15.834137,2023-05-22 14:15:56.671861
160,Project_Lifecycle,158,158,Deliverable,1750260.4569636227,1788894.2603019231,38633.80333830044,2023-04-30 11:00:27.417817,2023-05-27 06:54:15.618115
161,Project_Lifecycle,162,162,Deliverable,1768550.0192012244,1799007.3928691375,30457.373667913023,2023-05-13 03:50:01.152073,2023-06-03 07:27:23.572148
162,Project_Lifecycle,161,161,Deliverable,1766530.7648015015,1799880.607123154,33349.84232165245,2023-05-11 18:10:45.888090,2023-06-03 22:00:36.427389
163,Project_Lifecycle,164,164,Deliverable,1782135.9445310147,1811421.824438313,29285.879907298367,2023-05-22 14:15:56.671861,2023-06-11 22:21:49.466299
164,Project_Lifecycle,163,163,Deliverable,1778265.7859110313,1812887.759496,34621.9735849686,2023-05-19 21:45:47.154662,2023-06-12 22:47:45.569760
165,Project_Lifecycle,165,165,Deliverable,1799007.3928691375,1824738.8246371422,25731.431768004782,2023-06-03 07:27:23.572148,2023-06-21 04:18:49.478229
166,Project_Lifecycle,166,166,Deliverable,1799880.607123154,1830231.3357890332,30350.72866587923,2023-06-03 22:00:36.427389,2023-06-24 23:51:20.147342
167,Project_Lifecycle,167,167,Deliverable,1830231.3357890332,1854146.2593658871,23914.923576853937,2023-06-24 23:51:20.147342,2023-07-11 14:26:15.561953
168,Project_Lifecycle,168,168,Deliverable,1854146.2593658871,1874216.001869256,20069.74250336876,2023-07-11 14:26:15.561953,2023-07-25 12:56:00.112155
169,Project_Lifecycle,169,169,Deliverable,2031295.918138158,2057405.9853733003,26110.067235142225,2023-11-11 14:55:55.088289,2023-11-29 18:05:59.122398
170,Project_Lifecycle,170,170,Deliverable,2057405.9853733003,2071276.81230767,13870.826934369747,2023-11-29 18:05:59.122398,2023-12-09 09:16:48.738460
171,Project_Lifecycle,171,171,Deliverable,2071276.81230767,2094775.5341543413,23498.72184667131,2023-12-09 09:16:48.738460,2023-12-25 16:55:32.049260
172,Project_Lifecycle,173,173,Deliverable,2095338.1653625122,2118269.4871813515,22931.321818839293,2023-12-26 02:18:09.921751,2024-01-11 00:29:29.230881
173,Project_Lifecycle,172,172,Deliverable,2094775.5341543413,2120248.1920669745,25472.65791263315,2023-12-25 16:55:32.049260,2024-01-12 09:28:11.524018
174,Project_Lifecycle,174,174,Deliverable,2118269.4871813515,2148536.8693294385,30267.382148087025,2024-01-11 00:29:29.230881,2024-02-01 00:56:52.159766
175,Project_Lifecycle,175,175,Deliverable,2148536.8693294385,2165136.6632338124,16599.793904373888,2024-02-01 00:56:52.159766,2024-02-12 13:36:39.794029
176,Project_Lifecycle,177,177,Deliverable,2165136.6632338124,2186424.7309492887,21288.067715476267,2024-02-12 13:36:39.794029,2024-02-27 08:24:43.856957
177,Project_Lifecycle,176,176,Deliverable,2161008.830739033,2190637.624045816,29628.79330678284,2024-02-09 16:48:49.844342,2024-03-01 06:37:37.442749
178,Project_Lifecycle,178,178,Deliverable,2170482.9383625803,2191045.3141759653,20562.375813385006,2024-02-16 06:42:56.301755,2024-03-01 13:25:18.850558
179,Project_Lifecycle,180,180,Deliverable,2190637.624045816,2214021.9366372926,23384.31259147683,2024-03-01 06:37:37.442749,2024-03-17 12:21:56.198238
180,Project_Lifecycle,179,179,Deliverable,2189562.4858492087,2219715.445424717,30152.959575508256,2024-02-29 12:42:29.150953,2024-03-21 11:15:26.725483
181,Project_Lifecycle,181,181,Deliverable,2191045.3141759653,2224328.4306475767,33283.11647161143,2024-03-01 13:25:18.850558,2024-03-24 16:08:25.838855
182,Project_Lifecycle,182,182,Deliverable,2214021.9366372926,2253027.0263395044,39005.089702211786,2024-03-17 12:21:56.198238,2024-04-13 14:27:01.580370
183,Project_Lifecycle,183,183,Deliverable,2219715.445424717,2255863.444441563,36147.999016846064,2024-03-21 11:15:26.725483,2024-04-15 13:43:26.666494
184,Project_Lifecycle,184,184,Deliverable,2224328.4306475767,2267544.0172682833,43215.5866207066,2024-03-24 16:08:25.838855,2024-04-23 16:24:01.036097
185,Project_Lifecycle,185,185,Deliverable,2253027.0263395044,2286025.347866432,32998.32152692741,2024-04-13 14:27:01.580370,2024-05-06 12:25:20.871986
186,Project_Lifecycle,186,186,Deliverable,2255863.444441563,2293893.427271697,38029.98283013422,2024-04-15 13:43:26.666494,2024-05-11 23:33:25.636302
187,Project_Lifecycle,187,187,Deliverable,2267544.0172682833,2304951.8510456816,37407.83377739834,2024-04-23 16:24:01.036097,2024-05-19 15:51:51.062741
188,Project_Lifecycle,188,188,Deliverable,2293893.427271697,2337231.834191455,43338.406919757836,2024-05-11 23:33:25.636302,2024-06-11 01:51:50.051487
189,Project_Lifecycle,189,189,Deliverable,2316020.166101196,2341326.681476608,25306.51537541207,2024-05-27 08:20:09.966072,2024-06-13 22:06:40.888596
190,Project_Lifecycle,190,190,Deliverable,2341326.681476608,2375317.652268747,33990.97079213895,2024-06-13 22:06:40.888596,2024-07-07 12:37:39.136125
191,Project_Lifecycle,191,191,Deliverable,2375317.652268747,2399592.341128557,24274.68885981012,2024-07-07 12:37:39.136125,2024-07-24 09:12:20.467713
192,Project_Lifecycle,192,192,Deliverable,2384836.9478202155,2413121.031025868,28284.083205652423,2024-07-14 03:16:56.869213,2024-08-02 18:41:01.861552
193,Project_Lifecycle,194,194,Deliverable,2399592.341128557,2418142.7434147904,18550.40228623338,2024-07-24 09:12:20.467713,2024-08-06 06:22:44.604887
194,Project_Lifecycle,193,193,Deliverable,2399478.359412392,2427363.1083969525,27884.74898456037,2024-07-24 07:18:21.564744,2024-08-12 16:03:06.503817
195,Project_Lifecycle,195,195,Deliverable,2413121.031025868,2443474.8453434734,30353.81431760546,2024-08-02 18:41:01.861552,2024-08-23 20:34:50.720608
196,Project_Lifecycle,196,196,Deliverable,2427363.1083969525,2460861.3347387407,33498.22634178819,2024-08-12 16:03:06.503817,2024-09-04 22:21:20.084324
197,Project_Lifecycle,198,198,Deliverable,2443474.8453434734,2460945.6141390363,17470.768795562908,2024-08-23 20:34:50.720608,2024-09-04 23:45:36.848342
198,Project_Lifecycle,197,197,Deliverable,2440156.6699262788,2466947.502313274,26790.8323869952,2024-08-21 13:16:40.195577,2024-09-09 03:47:30.138796
199,Project_Lifecycle,199,199,Deliverable,2460861.3347387407,2492078.508590686,31217.173851945437,2024-09-04 22:21:20.084324,2024-09-26 14:38:30.515441
200,Project_Lifecycle,200,200,Deliverable,2460945.6141390363,2492372.9671717077,31427.35303267138,2024-09-04 23:45:36.848342,2024-09-26 19:32:58.030302
201,Project_Lifecycle,201,201,Deliverable,2466947.502313274,2502282.484563975,35334.98225070117,2024-09-09 03:47:30.138796,2024-10-03 16:42:29.073839
202,Project_Lifecycle,202,202,Deliverable,2473546.344689386,2507261.6974772923,33715.352787906304,2024-09-13 17:46:20.681363,2024-10-07 03:41:41.848638
203,Project_Lifecycle,203,203,Deliverable,2492078.508590686,2520295.1671303306,28216.658539644442,2024-09-26 14:38:30.515441,2024-10-16 04:55:10.027820
204,Project_Lifecycle,204,204,Deliverable,2495093.7702994966,2522916.507136075,27822.73683657823,2024-09-28 16:53:46.217970,2024-10-18 00:36:30.428164
205,Project_Lifecycle,205,205,Deliverable,2502282.484563975,2526838.47797024,24555.993406265043,2024-10-03 16:42:29.073839,2024-10-20 17:58:28.678214
206,Project_Lifecycle,207,207,Deliverable,2522916.507136075,2544125.555322937,21209.048186862376,2024-10-18 00:36:30.428164,2024-11-01 18:05:33.319376
207,Project_Lifecycle,206,206,Deliverable,2507261.6974772923,2546462.0836246437,39200.38614735147,2024-10-07 03:41:41.848638,2024-11-03 09:02:05.017479
208,Project_Lifecycle,208,208,Deliverable,2526838.47797024,2546487.9349184893,19649.456948249135,2024-10-20 17:58:28.678214,2024-11-03 09:27:56.095109
209,Project_Lifecycle,209,209,Deliverable,2530254.7320629135,2555306.1264257235,25051.394362810068,2024-10-23 02:54:43.923775,2024-11-09 12:26:07.585543
210,Project_Lifecycle,210,210,Deliverable,2530484.8862139657,2567502.3223954914,37017.4361815257,2024-10-23 06:44:53.172838,2024-11-17 23:42:19.343729
211,Project_Lifecycle,212,212,Deliverable,2546462.0836246437,2573671.3236476593,27209.240023015533,2024-11-03 09:02:05.017479,2024-11-22 06:31:19.418860
212,Project_Lifecycle,211,211,Deliverable,2544125.555322937,2582687.927929125,38562.37260618759,2024-11-01 18:05:33.319376,2024-11-28 12:47:55.675747
213,Project_Lifecycle,213,213,Deliverable,2555306.1264257235,2591014.8610066855,35708.73458096199,2024-11-09 12:26:07.585543,2024-12-04 07:34:51.660401
214,Project_Lifecycle,214,214,Deliverable,2567502.3223954914,2594364.4493793054,26862.12698381394,2024-11-17 23:42:19.343729,2024-12-06 15:24:26.962758
215,Project_Lifecycle,216,216,Deliverable,2582687.927929125,2599881.2478409917,17193.319911866914,2024-11-28 12:47:55.675747,2024-12-10 11:21:14.870460
216,Project_Lifecycle,215,215,Deliverable,2573671.3236476593,2608552.6470211465,34881.32337348722,2024-11-22 06:31:19.418860,2024-12-16 11:52:38.821269
217,Project_Lifecycle,220,220,Deliverable,2594364.4493793054,2617546.568909963,23182.119530657772,2024-12-06 15:24:26.962758,2024-12-22 17:46:34.134598
218,Project_Lifecycle,217,217,Deliverable,2590368.966357202,2627979.675089172,37610.708731970284,2024-12-03 20:48:57.981432,2024-12-29 23:39:40.505350
219,Project_Lifecycle,219,219,Deliverable,2591014.8610066855,2629013.9504352952,37999.0894286097,2024-12-04 07:34:51.660401,2024-12-30 16:53:57.026118
220,Project_Lifecycle,218,218,Deliverable,2590994.755568474,2629247.970585966,38253.21501749195,2024-12-04 07:14:45.334108,2024-12-30 20:47:58.235158
221,Project_Lifecycle,221,221,Deliverable,2617546.568909963,2649312.095396256,31765.526486292947,2024-12-22 17:46:34.134598,2025-01-13 19:12:05.723775
222,Project_Lifecycle,222,222,Deliverable,2627979.675089172,2653422.4288455006,25442.753756328486,2024-12-29 23:39:40.505350,2025-01-16 15:42:25.730730
223,Project_Lifecycle,225,225,Deliverable,2630239.8488521674,2654371.1626859936,24131.31383382622,2024-12-31 13:19:50.931130,2025-01-17 07:31:09.761160
224,Project_Lifecycle,224,224,Deliverable,2629247.970585966,2656740.996783787,27493.026197820902,2024-12-30 20:47:58.235158,2025-01-18 23:00:59.807027
225,Project_Lifecycle,223,223,Deliverable,2629013.9504352952,2657974.5538000786,28960.60336478334,2024-12-30 16:53:57.026118,2025-01-19 19:34:33.228005
226,Project_Lifecycle,226,226,Deliverable,2633030.900998118,2672082.6440278487,39051.74302973086,2025-01-02 11:50:54.059887,2025-01-29 14:42:38.641671
227,Project_Lifecycle,230,230,Deliverable,2661936.3281369414,2676907.287037969,14970.958901027683,2025-01-22 13:36:19.688216,2025-02-01 23:07:17.222278
228,Project_Lifecycle,228,228,Deliverable,2654371.1626859936,2681512.387255935,27141.224569941405,2025-01-17 07:31:09.761160,2025-02-05 03:52:23.235356
229,Project_Lifecycle,229,229,Deliverable,2656740.996783787,2684384.3318169103,27643.33503312338,2025-01-18 23:00:59.807027,2025-02-07 03:44:19.909015
230,Project_Lifecycle,227,227,Deliverable,2653422.4288455006,2686844.728091545,33422.299246044364,2025-01-16 15:42:25.730730,2025-02-08 20:44:43.685493
231,Project_Lifecycle,231,231,Deliverable,2672082.6440278487,2702475.863174998,30393.219147149473,2025-01-29 14:42:38.641671,2025-02-19 17:15:51.790500
232,Project_Lifecycle,234,234,Deliverable,2684384.3318169103,2711116.7940538614,26732.462236951105,2025-02-07 03:44:19.909015,2025-02-25 17:16:47.643232
233,Project_Lifecycle,232,232,Deliverable,2676907.287037969,2713531.760026762,36624.472988792695,2025-02-01 23:07:17.222278,2025-02-27 09:31:45.601606
234,Project_Lifecycle,233,233,Deliverable,2681512.387255935,2720545.2840084173,39032.89675248228,2025-02-05 03:52:23.235356,2025-03-04 06:25:17.040505
235,Project_Lifecycle,235,235,Deliverable,2686844.728091545,2720723.638860248,33878.91076870309,2025-02-08 20:44:43.685493,2025-03-04 09:23:38.331615
236,Project_Lifecycle,237,237,Deliverable,2702475.863174998,2724828.9766733316,22353.113498333376,2025-02-19 17:15:51.790500,2025-03-07 05:48:58.600400
237,Project_Lifecycle,236,236,Deliverable,2690698.2793643256,2731541.5082297325,40843.22886540694,2025-02-11 12:58:16.761860,2025-03-11 21:41:30.493784
238,Project_Lifecycle,238,238,Deliverable,2713531.760026762,2740155.378770305,26623.618743543047,2025-02-27 09:31:45.601606,2025-03-17 21:15:22.726218
239,Project_Lifecycle,239,239,Deliverable,2720545.2840084173,2747237.44648782,26692.162479402497,2025-03-04 06:25:17.040505,2025-03-22 19:17:26.789269
240,Project_Lifecycle,240,240,Deliverable,2724828.9766733316,2758117.038703313,33288.06202998152,2025-03-07 05:48:58.600400,2025-03-30 08:37:02.322199
241,Project_Lifecycle,242,242,Deliverable,2739719.809268956,2762197.761789217,22477.952520261053,2025-03-17 13:59:48.556137,2025-04-02 04:37:45.707353
242,Project_Lifecycle,243,243,Deliverable,2740155.378770305,2765811.3540862636,25655.975315958727,2025-03-17 21:15:22.726218,2025-04-04 16:51:21.245176
243,Project_Lifecycle,241,241,Deliverable,2731541.5082297325,2776763.022738815,45221.514509082306,2025-03-11 21:41:30.493784,2025-04-12 07:23:01.364329
244,Project_Lifecycle,244,244,Deliverable,2758165.0405049967,2788537.5322466376,30372.49174164096,2025-03-30 09:25:02.430300,2025-04-20 11:37:31.934798
245,Project_Lifecycle,245,245,Deliverable,2762197.761789217,2793531.2805784373,31333.518789220136,2025-04-02 04:37:45.707353,2025-04-23 22:51:16.834706
246,Project_Lifecycle,246,246,Deliverable,2776763.022738815,2807531.751277351,30768.728538536,2025-04-12 07:23:01.364329,2025-05-03 16:11:45.076641
247,Project_Lifecycle,247,247,Deliverable,2788537.5322466376,2816355.6058722427,27818.073625605088,2025-04-20 11:37:31.934798,2025-05-09 19:15:36.352335
248,Project_Lifecycle,248,248,Deliverable,2793531.2805784373,2817719.8898414983,24188.60926306108,2025-04-23 22:51:16.834706,2025-05-10 17:59:53.390490
249,Project_Lifecycle,249,249,Deliverable,2807531.751277351,2836153.582809643,28621.831532292068,2025-05-03 16:11:45.076641,2025-05-23 13:13:34.968579
250,Project_Lifecycle,250,250,Deliverable,2816355.6058722427,2844012.4911323576,27656.885260114912,2025-05-09 19:15:36.352335,2025-05-29 00:12:29.467941
251,Project_Lifecycle,251,251,Deliverable,2817719.8898414983,2847372.925488399,29653.035646900535,2025-05-10 17:59:53.390490,2025-05-31 08:12:55.529304
252,Project_Lifecycle,252,252,Deliverable,2834033.387747285,2849978.0684002773,15944.680652992334,2025-05-22 01:53:23.264837,2025-06-02 03:38:04.104017
253,Project_Lifecycle,254,254,Deliverable,2849978.0684002773,2872025.8568507712,22047.788450493943,2025-06-02 03:38:04.104017,2025-06-17 11:05:51.411046
254,Project_Lifecycle,253,253,Deliverable,2844012.4911323576,2886478.7600579606,42466.26892560301,2025-05-29 00:12:29.467941,2025-06-27 11:58:45.603478
255,Project_Lifecycle,255,255,Deliverable,2872025.8568507712,2906623.4674981027,34597.61064733146,2025-06-17 11:05:51.411046,2025-07-11 11:43:28.049886
256,Project_Lifecycle,256,256,Deliverable,2887426.0508733843,2911846.8783301204,24420.827456736006,2025-06-28 03:46:03.052403,2025-07-15 02:46:52.699807
257,Project_Lifecycle,257,257,Deliverable,2906623.4674981027,2941974.9572283463,35351.48973024357,2025-07-11 11:43:28.049886,2025-08-05 00:54:57.433701
258,Project_Lifecycle,258,258,Deliverable,2911846.8783301204,2952478.56311627,40631.684786149766,2025-07-15 02:46:52.699807,2025-08-12 07:58:33.786976
259,Project_Lifecycle,259,259,Deliverable,2952478.56311627,2980994.1100611626,28515.5469448925,2025-08-12 07:58:33.786976,2025-09-01 03:14:06.603670
260,Project_Lifecycle,260,260,Deliverable,2968494.3299368005,2993260.9659042736,24766.635967473034,2025-08-23 10:54:19.796208,2025-09-09 15:40:57.954256
261,Project_Lifecycle,261,261,Deliverable,2968542.3991397736,3002771.615091808,34229.215952034574,2025-08-23 11:42:23.948386,2025-09-16 06:11:36.905508
262,Project_Lifecycle,262,262,Deliverable,2980994.1100611626,3007188.097077758,26193.987016595434,2025-09-01 03:14:06.603670,2025-09-19 07:48:05.824665
263,Project_Lifecycle,264,264,Deliverable,3002771.615091808,3029702.8627154436,26931.247623635456,2025-09-16 06:11:36.905508,2025-10-04 23:02:51.762927
264,Project_Lifecycle,263,263,Deliverable,2993260.9659042736,3030806.412686637,37545.44678236358,2025-09-09 15:40:57.954256,2025-10-05 17:26:24.761198
265,Project_Lifecycle,265,265,Deliverable,3029702.8627154436,3045359.8525155364,15656.989800092764,2025-10-04 23:02:51.762927,2025-10-15 19:59:51.150932
266,Project_Lifecycle,267,267,Deliverable,3033917.559632326,3049289.866441716,15372.306809389964,2025-10-07 21:17:33.577940,2025-10-18 13:29:51.986503
267,Project_Lifecycle,269,269,Deliverable,3049289.866441716,3066593.352748274,17303.486306557897,2025-10-18 13:29:51.986503,2025-10-30 13:53:21.164896
268,Project_Lifecycle,266,266,Deliverable,3030806.412686637,3066870.670687046,36064.258000408765,2025-10-05 17:26:24.761198,2025-10-30 18:30:40.241223
269,Project_Lifecycle,268,268,Deliverable,3045359.8525155364,3070660.6666151565,25300.814099620096,2025-10-15 19:59:51.150932,2025-11-02 09:40:39.996909
270,Project_Lifecycle,270,270,Deliverable,3060073.9819339653,3097708.2830298673,37634.30109590199,2025-10-26 01:13:58.916038,2025-11-21 04:28:16.981792
271,Project_Lifecycle,272,272,Deliverable,3066870.670687046,3099394.128976961,32523.45828991523,2025-10-30 18:30:40.241223,2025-11-22 08:34:07.738618
272,Project_Lifecycle,271,271,Deliverable,3066593.352748274,3105491.1925313757,38897.83978310181,2025-10-30 13:53:21.164896,2025-11-26 14:11:11.551883
273,Project_Lifecycle,273,273,Deliverable,3081551.159394507,3119732.239070254,38181.07967574708,2025-11-09 23:11:09.563670,2025-12-06 11:32:14.344215
274,Project_Lifecycle,275,275,Deliverable,3105491.1925313757,3133292.6148839383,27801.42235256266,2025-11-26 14:11:11.551883,2025-12-15 21:32:36.893036
275,Project_Lifecycle,274,274,Deliverable,3097708.2830298673,3141882.589453376,44174.30642350856,2025-11-21 04:28:16.981792,2025-12-21 20:42:35.367203
276,Project_Lifecycle,276,276,Deliverable,3119732.239070254,3146458.687193562,26726.4481233079,2025-12-06 11:32:14.344215,2025-12-25 00:58:41.231614
277,Project_Lifecycle,277,277,Deliverable,3141882.589453376,3153108.126162101,11225.53670872515,2025-12-21 20:42:35.367203,2025-12-29 15:48:07.569726
278,Project_Lifecycle,278,278,Deliverable,3146458.687193562,3174369.934547241,27911.247353679035,2025-12-25 00:58:41.231614,2026-01-13 10:09:56.072834
279,Project_Lifecycle,279,279,Deliverable,3153108.126162101,3176886.186907297,23778.06074519595,2025-12-29 15:48:07.569726,2026-01-15 04:06:11.214438
280,Project_Lifecycle,280,280,Deliverable,3157179.696628431,3186980.468031072,29800.7714026412,2026-01-01 11:39:41.797706,2026-01-22 04:20:28.081864
281,Project_Lifecycle,281,281,Deliverable,3169073.498655973,3209163.8077246724,40090.30906869937,2026-01-09 17:53:29.919358,2026-02-06 14:03:48.463480
282,Project_Lifecycle,285,285,Deliverable,3190861.047145334,3210379.1929364605,19518.145791126415,2026-01-24 21:01:02.828720,2026-02-07 10:19:11.576188
283,Project_Lifecycle,282,282,Deliverable,3171728.9329252946,3213448.918145889,41719.98522059433,2026-01-11 14:08:55.975518,2026-02-09 13:28:55.088753
284,Project_Lifecycle,284,284,Deliverable,3186980.468031072,3216775.219426555,29794.751395483036,2026-01-22 04:20:28.081864,2026-02-11 20:55:13.165593
285,Project_Lifecycle,283,283,Deliverable,3174369.934547241,3217638.4419605746,43268.50741333375,2026-01-13 10:09:56.072834,2026-02-12 11:18:26.517634
286,Project_Lifecycle,286,286,Deliverable,3209163.8077246724,3240081.5024527553,30917.694728082977,2026-02-06 14:03:48.463480,2026-02-28 01:21:30.147165
287,Project_Lifecycle,288,288,Deliverable,3213448.918145889,3241068.6985127637,27619.780366874766,2026-02-09 13:28:55.088753,2026-02-28 17:48:41.910766
288,Project_Lifecycle,290,290,Deliverable,3216775.219426555,3241100.6388175418,24325.419390986674,2026-02-11 20:55:13.165593,2026-02-28 18:20:38.329053
289,Project_Lifecycle,287,287,Deliverable,3210379.1929364605,3245295.573963447,34916.38102698652,2026-02-07 10:19:11.576188,2026-03-03 16:15:34.437807
290,Project_Lifecycle,289,289,Deliverable,3215119.8358805226,3248109.994374696,32990.15849417355,2026-02-10 17:19:50.152831,2026-03-05 15:09:59.662482
291,Project_Lifecycle,292,292,Deliverable,3241068.6985127637,3272329.4126972836,31260.714184519835,2026-02-28 17:48:41.910766,2026-03-22 10:49:24.761837
292,Project_Lifecycle,294,294,Deliverable,3245295.573963447,3272466.440355377,27170.866391929798,2026-03-03 16:15:34.437807,2026-03-22 13:06:26.421323
293,Project_Lifecycle,291,291,Deliverable,3240081.5024527553,3272708.196339312,32626.693886556663,2026-02-28 01:21:30.147165,2026-03-22 17:08:11.780359
294,Project_Lifecycle,293,293,Deliverable,3241100.6388175418,3277222.0881981743,36121.44938063249,2026-02-28 18:20:38.329053,2026-03-25 20:22:05.291890
295,Project_Lifecycle,295,295,Deliverable,3248109.994374696,3279005.9206142602,30895.926239564084,2026-03-05 15:09:59.662482,2026-03-27 02:05:55.236856
296,Project_Lifecycle,299,299,Deliverable,3276419.9704168495,3295475.2902678885,19055.319851038978,2026-03-25 06:59:58.225011,2026-04-07 12:35:17.416073
297,Project_Lifecycle,300,300,Deliverable,3279005.9206142602,3300364.738009857,21358.817395596765,2026-03-27 02:05:55.236856,2026-04-10 22:04:44.280591
298,Project_Lifecycle,297,297,Deliverable,3272466.440355377,3303230.0576726804,30763.61731730355,2026-03-22 13:06:26.421323,2026-04-12 21:50:03.460361
299,Project_Lifecycle,298,298,Deliverable,3272708.196339312,3304296.724298039,31588.527958726976,2026-03-22 17:08:11.780359,2026-04-13 15:36:43.457882
300,Project_Lifecycle,301,301,Deliverable,3295475.2902678885,3314989.9008335485,19514.610565660056,2026-04-07 12:35:17.416073,2026-04-21 01:49:54.050013
301,Project_Lifecycle,296,296,Deliverable,3272329.4126972836,3315576.462331791,43247.04963450739,2026-03-22 10:49:24.761837,2026-04-21 11:36:27.739907
302,Project_Lifecycle,302,302,Deliverable,3300364.738009857,3329075.2497145017,28710.511704644654,2026-04-10 22:04:44.280591,2026-04-30 20:35:14.982870
303,Project_Lifecycle,303,303,Deliverable,3314989.9008335485,3351825.175136044,36835.27430249564,2026-04-21 01:49:54.050013,2026-05-16 15:45:10.508163
304,Project_Lifecycle,304,304,Deliverable,3351825.175136044,3386077.7660512635,34252.59091521939,2026-05-16 15:45:10.508163,2026-06-09 10:37:45.963076
305,Project_Lifecycle,305,305,Deliverable,3437146.7697382253,3459395.1093115644,22248.339573339093,2026-07-14 21:46:46.184294,2026-07-30 08:35:06.558694
306,Project_Lifecycle,306,306,Deliverable,3448859.62357626,3477547.2346105706,28687.611034310423,2026-07-23 00:59:37.414576,2026-08-11 23:07:14.076634
307,Project_Lifecycle,308,308,Deliverable,3460761.010087863,3492264.870940829,31503.860852966085,2026-07-31 07:21:00.605272,2026-08-22 04:24:52.256450
308,Project_Lifecycle,307,307,Deliverable,3459395.1093115644,3499182.093098985,39786.98378742067,2026-07-30 08:35:06.558694,2026-08-26 23:42:05.585939
309,Project_Lifecycle,309,309,Deliverable,3477547.2346105706,3508936.6985503077,31389.463939737063,2026-08-11 23:07:14.076634,2026-09-02 18:16:41.913018
310,Project_Lifecycle,310,310,Deliverable,3492264.870940829,3526619.0113324043,34354.14039157517,2026-08-22 04:24:52.256450,2026-09-15 00:59:00.679944
311,Project_Lifecycle,311,311,Deliverable,3499182.093098985,3528583.2183748866,29401.12527590152,2026-08-26 23:42:05.585939,2026-09-16 09:43:13.102493
312,Project_Lifecycle,313,313,Deliverable,3518611.6473743552,3544737.752756951,26126.105382595677,2026-09-09 11:31:38.842461,2026-09-27 14:57:45.165417
313,Project_Lifecycle,312,312,Deliverable,3508936.6985503077,3551163.2717208387,42226.573170531075,2026-09-02 18:16:41.913018,2026-10-02 02:03:16.303250
314,Project_Lifecycle,314,314,Deliverable,3526619.0113324043,3558274.26887543,31655.25754302554,2026-09-15 00:59:00.679944,2026-10-07 00:34:16.132526
315,Project_Lifecycle,315,315,Deliverable,3528583.2183748866,3561087.470576767,32504.25220188033,2026-09-16 09:43:13.102493,2026-10-08 23:27:28.234606
316,Project_Lifecycle,317,317,Deliverable,3544737.752756951,3575532.031375082,30794.2786181313,2026-09-27 14:57:45.165417,2026-10-19 00:12:01.882505
317,Project_Lifecycle,318,318,Deliverable,3551163.2717208387,3582296.595346019,31133.323625180405,2026-10-02 02:03:16.303250,2026-10-23 16:56:35.720761
318,Project_Lifecycle,320,320,Deliverable,3558274.26887543,3586841.6765205297,28567.407645099796,2026-10-07 00:34:16.132526,2026-10-26 20:41:40.591232
319,Project_Lifecycle,316,316,Deliverable,3544181.8469566605,3588033.019889782,43851.17293312168,2026-09-27 05:41:50.817400,2026-10-27 16:33:01.193387
320,Project_Lifecycle,319,319,Deliverable,3554460.627337316,3588998.0350410505,34537.40770373447,2026-10-04 09:00:37.640239,2026-10-28 08:38:02.102463
321,Project_Lifecycle,321,321,Deliverable,3575532.031375082,3604241.4652535645,28709.43387848232,2026-10-19 00:12:01.882505,2026-11-07 22:41:27.915214
322,Project_Lifecycle,322,322,Deliverable,3588033.019889782,3614126.2172475313,26093.1973577491,2026-10-27 16:33:01.193387,2026-11-14 19:26:13.034852
323,Project_Lifecycle,323,323,Deliverable,3588998.0350410505,3619810.4691140978,30812.434073047247,2026-10-28 08:38:02.102463,2026-11-18 18:10:28.146846
324,Project_Lifecycle,324,324,Deliverable,3604241.4652535645,3634951.9895454682,30710.524291903712,2026-11-07 22:41:27.915214,2026-11-29 06:31:59.372728
325,Project_Lifecycle,327,327,Deliverable,3625120.727469454,3647021.068295619,21900.34082616493,2026-11-22 10:40:43.648167,2026-12-07 15:41:04.097737
326,Project_Lifecycle,325,325,Deliverable,3614126.2172475313,3649041.6429747613,34915.42572723003,2026-11-14 19:26:13.034852,2026-12-09 01:21:38.578486
327,Project_Lifecycle,326,326,Deliverable,3619810.4691140978,3655891.134514709,36080.66540061124,2026-11-18 18:10:28.146846,2026-12-13 19:31:08.070883
328,Project_Lifecycle,330,330,Deliverable,3649749.036184712,3670418.903224629,20669.867039917037,2026-12-09 13:09:02.171083,2026-12-23 21:38:54.193478
329,Project_Lifecycle,328,328,Deliverable,3647021.068295619,3671747.2364391964,24726.168143577408,2026-12-07 15:41:04.097737,2026-12-24 19:47:14.186352
330,Project_Lifecycle,329,329,Deliverable,3649041.6429747613,3679033.086015976,29991.44304121472,2026-12-09 01:21:38.578486,2026-12-29 21:13:05.160959
331,Project_Lifecycle,331,331,Deliverable,3655891.134514709,3685690.5777627,29799.44324799115,2026-12-13 19:31:08.070883,2027-01-03 12:10:34.665762
332,Project_Lifecycle,332,332,Deliverable,3670418.903224629,3699507.5078602135,29088.604635584634,2026-12-23 21:38:54.193478,2027-01-13 02:27:30.471613
333,Project_Lifecycle,334,334,Deliverable,3677127.4566147765,3706217.723264861,29090.266650084406,2026-12-28 13:27:27.396887,2027-01-17 18:17:43.395892
334,Project_Lifecycle,333,333,Deliverable,3671747.2364391964,3708730.066079656,36982.829640459735,2026-12-24 19:47:14.186352,2027-01-19 12:10:03.964779
335,Project_Lifecycle,338,338,Deliverable,3708730.066079656,3723679.548354917,14949.482275261078,2027-01-19 12:10:03.964779,2027-01-29 21:19:32.901295
336,Project_Lifecycle,337,337,Deliverable,3706217.723264861,3726947.0610612053,20729.33779634442,2027-01-17 18:17:43.395892,2027-02-01 03:47:03.663672
337,Project_Lifecycle,336,336,Deliverable,3703176.462398593,3736970.0958697996,33793.63347120676,2027-01-15 15:36:27.743916,2027-02-08 02:50:05.752188
338,Project_Lifecycle,335,335,Deliverable,3699507.5078602135,3741494.8243713276,41987.31651111413,2027-01-13 02:27:30.471613,2027-02-11 06:14:49.462280
339,Project_Lifecycle,339,339,Deliverable,3726947.0610612053,3748999.373875427,22052.312814221717,2027-02-01 03:47:03.663672,2027-02-16 11:19:22.432526
340,Project_Lifecycle,340,340,Deliverable,3729628.0529626277,3757444.874315505,27816.82135287719,2027-02-03 00:28:03.177758,2027-02-22 08:04:52.458930
341,Project_Lifecycle,341,341,Deliverable,3736970.0958697996,3770249.277742927,33279.18187312735,2027-02-08 02:50:05.752188,2027-03-03 05:29:16.664576
342,Project_Lifecycle,343,343,Deliverable,3748999.373875427,3771321.9133582725,22322.53948284546,2027-02-16 11:19:22.432526,2027-03-03 23:21:54.801496
343,Project_Lifecycle,342,342,Deliverable,3741494.8243713276,3782944.373594464,41449.54922313616,2027-02-11 06:14:49.462280,2027-03-12 01:04:22.415668
344,Project_Lifecycle,344,344,Deliverable,3757444.874315505,3786907.3128343252,29462.43851882033,2027-02-22 08:04:52.458930,2027-03-14 19:07:18.770060
345,Project_Lifecycle,345,345,Deliverable,3770249.277742927,3799589.4236846645,29340.145941737574,2027-03-03 05:29:16.664576,2027-03-23 14:29:25.421080
346,Project_Lifecycle,346,346,Deliverable,3786907.3128343252,3819583.6778273657,32676.36499304045,2027-03-14 19:07:18.770060,2027-04-06 11:43:40.669642
347,Project_Lifecycle,347,347,Deliverable,3799589.4236846645,3832365.914882662,32776.49119799724,2027-03-23 14:29:25.421080,2027-04-15 08:45:54.892960
348,Project_Lifecycle,348,348,Deliverable,3814049.710206686,3843849.965372949,29800.255166262854,2027-04-02 15:29:42.612401,2027-04-23 08:09:57.922377
349,Project_Lifecycle,349,349,Deliverable,3819583.6778273657,3844341.3835955015,24757.705768135842,2027-04-06 11:43:40.669642,2027-04-23 16:21:23.015730
350,Project_Lifecycle,350,350,Deliverable,3839030.8578927163,3870877.5598869,31846.701994183473,2027-04-19 23:50:51.473563,2027-05-12 02:37:33.593214
351,Project_Lifecycle,352,352,Deliverable,3851151.946411661,3873065.752531105,21913.806119444314,2027-04-28 09:51:56.784700,2027-05-13 15:05:45.151866
352,Project_Lifecycle,351,351,Deliverable,3843849.965372949,3874983.090225621,31133.12485267222,2027-04-23 08:09:57.922377,2027-05-14 23:03:05.413537
353,Project_Lifecycle,355,355,Deliverable,3874983.090225621,3896320.1438039253,21337.053578304127,2027-05-14 23:03:05.413537,2027-05-29 18:40:08.628236
354,Project_Lifecycle,353,353,Deliverable,3870877.5598869,3905709.1402666094,34831.5803797096,2027-05-12 02:37:33.593214,2027-06-05 07:09:08.415997
355,Project_Lifecycle,354,354,Deliverable,3873065.752531105,3906545.0341828526,33479.28165174741,2027-05-13 15:05:45.151866,2027-06-05 21:05:02.050971
356,Project_Lifecycle,356,356,Deliverable,3896320.1438039253,3931423.81578722,35103.671983294655,2027-05-29 18:40:08.628236,2027-06-23 03:43:48.947233
357,Project_Lifecycle,358,358,Deliverable,3906545.0341828526,3931437.055302246,24892.02111939341,2027-06-05 21:05:02.050971,2027-06-23 03:57:03.318135
358,Project_Lifecycle,357,357,Deliverable,3905709.1402666094,3938060.7200164837,32351.579749874305,2027-06-05 07:09:08.415997,2027-06-27 18:20:43.200989
359,Project_Lifecycle,360,360,Deliverable,3915270.1997504244,3939185.1883807615,23914.988630337175,2027-06-11 22:30:11.985025,2027-06-28 13:05:11.302846
360,Project_Lifecycle,359,359,Deliverable,3908559.91481468,3953004.1522486503,44444.23743397044,2027-06-07 06:39:54.888881,2027-07-08 03:24:09.134919
361,Project_Lifecycle,362,362,Deliverable,3931437.055302246,3953131.5104491687,21694.45514692273,2027-06-23 03:57:03.318135,2027-07-08 05:31:30.626950
362,Project_Lifecycle,363,363,Deliverable,3938060.7200164837,3966152.194858632,28091.474842148367,2027-06-27 18:20:43.200989,2027-07-17 06:32:11.691518
363,Project_Lifecycle,364,364,Deliverable,3939185.1883807615,3968006.8557136185,28821.667332856916,2027-06-28 13:05:11.302846,2027-07-18 13:26:51.342817
364,Project_Lifecycle,361,361,Deliverable,3928635.604282964,3969314.549625332,40678.94534236798,2027-06-21 05:15:36.256978,2027-07-19 11:14:32.977520
365,Project_Lifecycle,366,366,Deliverable,3953004.1522486503,3981331.6751318304,28327.522883180063,2027-07-08 03:24:09.134919,2027-07-27 19:31:40.507910
366,Project_Lifecycle,365,365,Deliverable,3949484.6270104675,3986474.4649565173,36989.83794604987,2027-07-05 16:44:37.620628,2027-07-31 09:14:27.897391
367,Project_Lifecycle,368,368,Deliverable,3969314.549625332,3989659.0755144064,20344.52588907443,2027-07-19 11:14:32.977520,2027-08-02 14:19:04.530864
368,Project_Lifecycle,367,367,Deliverable,3968006.8557136185,3997087.0049973344,29080.14928371599,2027-07-18 13:26:51.342817,2027-08-07 18:07:00.299840
369,Project_Lifecycle,369,369,Deliverable,3977282.4860255634,4000872.51589478,23590.029869216494,2027-07-25 00:02:29.161534,2027-08-10 09:12:30.953687
370,Project_Lifecycle,371,371,Deliverable,3986474.4649565173,4011859.1956907995,25384.730734282173,2027-07-31 09:14:27.897391,2027-08-18 00:19:11.741448
371,Project_Lifecycle,370,370,Deliverable,3981331.6751318304,4013032.872294063,31701.197162232827,2027-07-27 19:31:40.507910,2027-08-18 19:52:52.337644
372,Project_Lifecycle,372,372,Deliverable,3989659.0755144064,4014543.095844062,24884.020329655614,2027-08-02 14:19:04.530864,2027-08-19 21:03:05.750644
373,Project_Lifecycle,373,373,Deliverable,3997087.0049973344,4016555.7001858586,19468.6951885242,2027-08-07 18:07:00.299840,2027-08-21 06:35:42.011152
374,Project_Lifecycle,377,377,Deliverable,4014543.095844062,4030145.490547238,15602.394703175873,2027-08-19 21:03:05.750644,2027-08-30 17:05:29.432834
375,Project_Lifecycle,374,374,Deliverable,4000872.51589478,4038020.487725778,37147.97183099808,2027-08-10 09:12:30.953687,2027-09-05 04:20:29.263547
376,Project_Lifecycle,375,375,Deliverable,4011859.1956907995,4038763.8739049574,26904.67821415793,2027-08-18 00:19:11.741448,2027-09-05 16:43:52.434297
377,Project_Lifecycle,376,376,Deliverable,4013032.872294063,4048811.4408988953,35778.56860483205,2027-08-18 19:52:52.337644,2027-09-12 16:11:26.453934
378,Project_Lifecycle,378,378,Deliverable,4019419.256276163,4053229.0524275615,33809.79615139868,2027-08-23 06:19:15.376570,2027-09-15 17:49:03.145654
379,Project_Lifecycle,380,380,Deliverable,4038763.8739049574,4066562.1359542767,27798.262049319223,2027-09-05 16:43:52.434297,2027-09-25 00:02:08.157257
380,Project_Lifecycle,379,379,Deliverable,4038020.487725778,4075627.5347338836,37607.047008105554,2027-09-05 04:20:29.263547,2027-10-01 07:07:32.084033
381,Project_Lifecycle,382,382,Deliverable,4060443.315062363,4084894.8864763253,24451.57141396217,2027-09-20 18:03:18.903742,2027-10-07 17:34:53.188580
382,Project_Lifecycle,383,383,Deliverable,4061366.787866983,4091970.649535092,30603.861668108962,2027-09-21 09:26:47.272019,2027-10-12 15:30:38.972106
383,Project_Lifecycle,381,381,Deliverable,4053229.0524275615,4094863.448206612,41634.39577905042,2027-09-15 17:49:03.145654,2027-10-14 15:43:26.892397
384,Project_Lifecycle,384,384,Deliverable,4069861.956885692,4095226.1871745884,25364.230288896244,2027-09-27 07:01:57.413142,2027-10-14 21:46:11.230475
385,Project_Lifecycle,385,385,Deliverable,4075627.5347338836,4108859.500072498,33231.9653386143,2027-10-01 07:07:32.084033,2027-10-24 08:59:30.004350
386,Project_Lifecycle,388,388,Deliverable,4094863.448206612,4126338.316953615,31474.86874700291,2027-10-14 15:43:26.892397,2027-11-05 12:18:19.017217
387,Project_Lifecycle,389,389,Deliverable,4095226.1871745884,4128280.959482211,33054.77230762271,2027-10-14 21:46:11.230475,2027-11-06 20:40:57.568933
388,Project_Lifecycle,387,387,Deliverable,4091970.649535092,4130400.9304297767,38430.280894684605,2027-10-12 15:30:38.972106,2027-11-08 08:00:55.825787
389,Project_Lifecycle,386,386,Deliverable,4084894.8864763253,4133813.919806699,48919.033330373466,2027-10-07 17:34:53.188580,2027-11-10 16:53:55.188402
390,Project_Lifecycle,390,390,Deliverable,4126338.316953615,4151815.569197332,25477.2522437172,2027-11-05 12:18:19.017217,2027-11-23 04:55:34.151840
391,Project_Lifecycle,392,392,Deliverable,4130400.9304297767,4152497.425334846,22096.49490506947,2027-11-08 08:00:55.825787,2027-11-23 16:17:25.520091
392,Project_Lifecycle,391,391,Deliverable,4128280.959482211,4155486.3197016097,27205.360219398513,2027-11-06 20:40:57.568933,2027-11-25 18:06:19.182097
393,Project_Lifecycle,393,393,Deliverable,4133813.919806699,4160438.6833116775,26624.763504978735,2027-11-10 16:53:55.188402,2027-11-29 04:38:40.998701
394,Project_Lifecycle,396,396,Deliverable,4155486.3197016097,4165354.288261948,9867.968560338486,2027-11-25 18:06:19.182097,2027-12-02 14:34:17.295717
395,Project_Lifecycle,395,395,Deliverable,4152497.425334846,4177503.392829921,25005.96749507496,2027-11-23 16:17:25.520091,2027-12-11 01:03:23.569795
396,Project_Lifecycle,394,394,Deliverable,4139785.880420422,4178881.8110731808,39095.93065275857,2027-11-14 20:25:52.825225,2027-12-12 00:01:48.664391
397,Project_Lifecycle,397,397,Deliverable,4160438.6833116775,4191284.2500244747,30845.566712797154,2027-11-29 04:38:40.998701,2027-12-20 14:44:15.001468
398,Project_Lifecycle,399,399,Deliverable,4178881.8110731808,4197056.110232438,18174.299159257207,2027-12-12 00:01:48.664391,2027-12-24 14:56:06.613946
399,Project_Lifecycle,398,398,Deliverable,4174269.598943561,4209309.8825817425,35040.28363818163,2027-12-08 19:09:35.936614,2028-01-02 03:09:52.954905
400,Project_Lifecycle,400,400,Deliverable,4197056.110232438,4224950.850954635,27894.740722197108,2027-12-24 14:56:06.613946,2028-01-12 23:50:51.057278
401,Project_Lifecycle,401,401,Deliverable,4209309.8825817425,4244881.809216038,35571.92663429584,2028-01-02 03:09:52.954905,2028-01-26 20:01:48.552962
402,Project_Lifecycle,403,403,Deliverable,4224950.850954635,4255805.648947607,30854.797992971726,2028-01-12 23:50:51.057278,2028-02-03 10:05:38.936856
403,Project_Lifecycle,402,402,Deliverable,4219038.067173236,4260392.691052382,41354.62387914583,2028-01-08 21:18:04.030394,2028-02-06 14:32:41.463143
404,Project_Lifecycle,404,404,Deliverable,4244881.809216038,4279635.883403483,34754.07418744452,2028-01-26 20:01:48.552962,2028-02-19 23:15:53.004209
405,Project_Lifecycle,405,405,Deliverable,4260392.691052382,4298273.289841574,37880.598789191805,2028-02-06 14:32:41.463143,2028-03-03 21:53:17.390494
406,Project_Lifecycle,406,406,Deliverable,4279635.883403483,4304585.296711569,24949.413308085874,2028-02-19 23:15:53.004209,2028-03-08 07:05:17.802694
407,Project_Lifecycle,407,407,Deliverable,4298273.289841574,4316585.103700745,18311.813859171234,2028-03-03 21:53:17.390494,2028-03-16 15:05:06.222045
408,Project_Lifecycle,408,408,Deliverable,4316585.103700745,4342806.881979761,26221.778279015794,2028-03-16 15:05:06.222045,2028-04-03 20:06:52.918786
409,Project_Lifecycle,409,409,Deliverable,4325742.608789276,4347575.515958038,21832.907168761827,2028-03-22 23:42:36.527357,2028-04-07 03:35:30.957482
410,Project_Lifecycle,410,410,Deliverable,4326137.449121164,4355293.028215828,29155.579094664194,2028-03-23 06:17:26.947270,2028-04-12 12:13:01.692950
411,Project_Lifecycle,411,411,Deliverable,4347575.515958038,4379715.618402014,32140.102443975396,2028-04-07 03:35:30.957482,2028-04-29 11:15:37.104121
412,Project_Lifecycle,412,412,Deliverable,4355293.028215828,4384413.072041697,29120.043825868517,2028-04-12 12:13:01.692950,2028-05-02 17:33:04.322502
413,Project_Lifecycle,413,413,Deliverable,4358010.0113233,4391444.934220443,33434.92289714236,2028-04-14 09:30:00.679398,2028-05-07 14:44:56.053227
414,Project_Lifecycle,415,415,Deliverable,4379715.618402014,4407069.029008496,27353.410606482066,2028-04-29 11:15:37.104121,2028-05-18 11:09:01.740510
415,Project_Lifecycle,414,414,Deliverable,4373936.91384976,4412835.464687382,38898.550837622024,2028-04-25 10:56:54.830986,2028-05-22 11:15:27.881243
416,Project_Lifecycle,417,417,Deliverable,4391444.934220443,4419072.872662197,27627.93844175432,2028-05-07 14:44:56.053227,2028-05-26 19:12:52.359732
417,Project_Lifecycle,416,416,Deliverable,4384413.072041697,4420526.581229625,36113.5091879284,2028-05-02 17:33:04.322502,2028-05-27 19:26:34.873778
418,Project_Lifecycle,418,418,Deliverable,4407069.029008496,4431053.839281341,23984.81027284544,2028-05-18 11:09:01.740510,2028-06-04 02:53:50.356880
419,Project_Lifecycle,420,420,Deliverable,4419072.872662197,4434339.513030018,15266.640367820859,2028-05-26 19:12:52.359732,2028-06-06 09:39:30.781801
420,Project_Lifecycle,419,419,Deliverable,4412835.464687382,4447466.234046559,34630.76935917698,2028-05-22 11:15:27.881243,2028-06-15 12:26:14.042794
421,Project_Lifecycle,422,422,Deliverable,4425880.605776074,4449988.638120866,24108.03234479204,2028-05-31 12:40:36.346564,2028-06-17 06:28:38.287252
422,Project_Lifecycle,423,423,Deliverable,4434339.513030018,4452990.961951835,18651.448921817355,2028-06-06 09:39:30.781801,2028-06-19 08:30:57.717110
423,Project_Lifecycle,424,424,Deliverable,4437288.337587227,4461757.338938475,24469.00135124754,2028-06-08 10:48:20.255234,2028-06-25 10:37:20.336308
424,Project_Lifecycle,421,421,Deliverable,4420526.581229625,4465265.213434411,44738.63220478594,2028-05-27 19:26:34.873778,2028-06-27 21:05:12.806065
425,Project_Lifecycle,427,427,Deliverable,4449988.638120866,4476453.246439959,26464.608319092542,2028-06-17 06:28:38.287252,2028-07-05 15:33:14.786398
426,Project_Lifecycle,426,426,Deliverable,4447466.234046559,4479130.027822433,31663.79377587419,2028-06-15 12:26:14.042794,2028-07-07 12:10:01.669346
427,Project_Lifecycle,425,425,Deliverable,4441194.714335151,4480614.5514857005,39419.837150549516,2028-06-11 03:54:42.860109,2028-07-08 12:54:33.089142
428,Project_Lifecycle,428,428,Deliverable,4449988.638120866,4484108.12000377,34119.481882903725,2028-06-17 06:28:38.287252,2028-07-10 23:08:07.200226
429,Project_Lifecycle,430,430,Deliverable,4461757.338938475,4484465.570024331,22708.231085856445,2028-06-25 10:37:20.336308,2028-07-11 05:05:34.201460
430,Project_Lifecycle,429,429,Deliverable,4461757.338938475,4487431.003943939,25673.665005464107,2028-06-25 10:37:20.336308,2028-07-13 06:31:00.236636
431,Project_Lifecycle,433,433,Deliverable,4480614.5514857005,4513657.816724082,33043.26523838192,2028-07-08 12:54:33.089142,2028-07-31 11:37:49.003445
432,Project_Lifecycle,435,435,Deliverable,4484465.570024331,4515001.4639742505,30535.89394991938,2028-07-11 05:05:34.201460,2028-08-01 10:01:27.838455
433,Project_Lifecycle,432,432,Deliverable,4479130.027822433,4517577.848646836,38447.820824403316,2028-07-07 12:10:01.669346,2028-08-03 04:57:50.918810
434,Project_Lifecycle,434,434,Deliverable,4484108.12000377,4520297.115847015,36188.99584324472,2028-07-10 23:08:07.200226,2028-08-05 02:17:06.950821
435,Project_Lifecycle,431,431,Deliverable,4476453.246439959,4521087.77225356,44634.52581360098,2028-07-05 15:33:14.786398,2028-08-05 15:27:46.335214
436,Project_Lifecycle,436,436,Deliverable,4487431.003943939,4521976.107390385,34545.10344644636,2028-07-13 06:31:00.236636,2028-08-06 06:16:06.443423
437,Project_Lifecycle,439,439,Deliverable,4519695.9060412785,4545511.226798703,25815.32075742446,2028-08-04 16:15:54.362477,2028-08-22 14:31:13.607922
438,Project_Lifecycle,437,437,Deliverable,4513657.816724082,4547582.625370366,33924.80864628311,2028-07-31 11:37:49.003445,2028-08-24 01:02:37.522222
439,Project_Lifecycle,438,438,Deliverable,4515001.4639742505,4549696.290008603,34694.82603435218,2028-08-01 10:01:27.838455,2028-08-25 12:16:17.400516
440,Project_Lifecycle,440,440,Deliverable,4520297.115847015,4550331.541558358,30034.425711343065,2028-08-05 02:17:06.950821,2028-08-25 22:51:32.493501
441,Project_Lifecycle,441,441,Deliverable,4521087.77225356,4552182.261658847,31094.48940528743,2028-08-05 15:27:46.335214,2028-08-27 05:42:15.699531
442,Project_Lifecycle,442,442,Deliverable,4521976.107390385,4562665.140920458,40689.03353007324,2028-08-06 06:16:06.443423,2028-09-03 12:25:08.455228
443,Project_Lifecycle,443,443,Deliverable,4545511.226798703,4570427.442891164,24916.21609246079,2028-08-22 14:31:13.607922,2028-09-08 21:47:26.573470
444,Project_Lifecycle,445,445,Deliverable,4552182.261658847,4572028.651012724,19846.389353876933,2028-08-27 05:42:15.699531,2028-09-10 00:28:39.060763
445,Project_Lifecycle,444,444,Deliverable,4547582.625370366,4574604.601731771,27021.976361405104,2028-08-24 01:02:37.522222,2028-09-11 19:24:36.103906
446,Project_Lifecycle,446,446,Deliverable,4562665.140920458,4597850.642527519,35185.50160706043,2028-09-03 12:25:08.455228,2028-09-27 22:50:38.551651
447,Project_Lifecycle,447,447,Deliverable,4570427.442891164,4601347.8979931045,30920.45510194078,2028-09-08 21:47:26.573470,2028-09-30 09:07:53.879586
448,Project_Lifecycle,448,448,Deliverable,4582583.145709991,4613420.655125442,30837.509415450506,2028-09-17 08:23:08.742599,2028-10-08 18:20:39.307527
449,Project_Lifecycle,449,449,Deliverable,4601347.8979931045,4628366.810594248,27018.91260114312,2028-09-30 09:07:53.879586,2028-10-19 03:26:48.635655
450,Project_Lifecycle,450,450,Deliverable,4613420.655125442,4644068.032488441,30647.377362999134,2028-10-08 18:20:39.307527,2028-10-30 01:08:01.949306
451,Project_Lifecycle,451,451,Deliverable,4620158.911342035,4649187.445573725,29028.53423168976,2028-10-13 10:38:54.680522,2028-11-02 14:27:26.734423
452,Project_Lifecycle,452,452,Deliverable,4628920.9899677485,4656856.266538028,27935.27657027915,2028-10-19 12:40:59.398065,2028-11-07 22:16:15.992282
453,Project_Lifecycle,453,453,Deliverable,4644068.032488441,4656991.531729087,12923.499240646139,2028-10-30 01:08:01.949306,2028-11-08 00:31:31.903745
454,Project_Lifecycle,455,455,Deliverable,4656856.266538028,4689113.746433589,32257.479895561002,2028-11-07 22:16:15.992282,2028-11-30 07:53:44.786015
455,Project_Lifecycle,456,456,Deliverable,4656991.531729087,4694190.6503328355,37199.11860374827,2028-11-08 00:31:31.903745,2028-12-03 20:30:39.019970
456,Project_Lifecycle,454,454,Deliverable,4649187.445573725,4701674.650749067,52487.20517534204,2028-11-02 14:27:26.734423,2028-12-09 01:14:39.044944
457,Project_Lifecycle,457,457,Deliverable,4689113.746433589,4714484.14774319,25370.40130960103,2028-11-30 07:53:44.786015,2028-12-17 22:44:08.864591
458,Project_Lifecycle,458,458,Deliverable,4701674.650749067,4733884.057901287,32209.407152220607,2028-12-09 01:14:39.044944,2028-12-31 10:04:03.474077
459,Project_Lifecycle,459,459,Deliverable,4714484.14774319,4735676.287538661,21192.139795470983,2028-12-17 22:44:08.864591,2029-01-01 15:56:17.252320
460,Project_Lifecycle,460,460,Deliverable,4733884.057901287,4765337.3543980885,31453.29649680108,2028-12-31 10:04:03.474077,2029-01-22 06:17:21.263885
461,Project_Lifecycle,462,462,Deliverable,4755259.994759182,4773836.4114112,18576.416652017273,2029-01-15 06:19:59.685551,2029-01-28 03:56:24.684672
462,Project_Lifecycle,461,461,Deliverable,4735079.567267162,4778525.821925327,43446.25465816539,2029-01-01 05:59:34.036030,2029-01-31 10:05:49.315520
463,Project_Lifecycle,464,464,Deliverable,4778525.821925327,4802314.651782504,23788.8298571771,2029-01-31 10:05:49.315520,2029-02-16 22:34:39.106950
464,Project_Lifecycle,463,463,Deliverable,4773836.4114112,4806487.651391816,32651.239980616607,2029-01-28 03:56:24.684672,2029-02-19 20:07:39.083509
465,Project_Lifecycle,465,465,Deliverable,4802314.651782504,4822540.214037441,20225.562254936434,2029-02-16 22:34:39.106950,2029-03-02 23:40:12.842246
466,Project_Lifecycle,466,466,Deliverable,4806487.651391816,4833254.792050284,26767.140658468008,2029-02-19 20:07:39.083509,2029-03-10 10:14:47.523017
467,Project_Lifecycle,468,468,Deliverable,4833254.792050284,4863239.983487433,29985.19143714849,2029-03-10 10:14:47.523017,2029-03-31 05:59:59.009246
468,Project_Lifecycle,467,467,Deliverable,4822540.214037441,4867839.563899846,45299.3498624051,2029-03-02 23:40:12.842246,2029-04-03 10:39:33.833991
469,Project_Lifecycle,469,469,Deliverable,4852637.86843064,4884051.9461066155,31414.07767597586,2029-03-23 21:17:52.105838,2029-04-14 16:51:56.766397
470,Project_Lifecycle,470,470,Deliverable,4884051.9461066155,4914297.136636554,30245.190529938787,2029-04-14 16:51:56.766397,2029-05-05 16:57:08.198193
471,Project_Lifecycle,471,471,Deliverable,4914297.136636554,4960437.754092868,46140.617456314154,2029-05-05 16:57:08.198193,2029-06-06 17:57:45.245572
472,Project_Lifecycle,472,472,Deliverable,4960437.754092868,4986398.4351531435,25960.681060275063,2029-06-06 17:57:45.245572,2029-06-24 18:38:26.109189
473,Project_Lifecycle,475,475,Deliverable,5005093.6248125015,5024486.5797951305,19392.954982629046,2029-07-07 18:13:37.488750,2029-07-21 05:26:34.787708
474,Project_Lifecycle,473,473,Deliverable,4993252.075235648,5027227.3849613005,33975.30972565245,2029-06-29 12:52:04.514139,2029-07-23 03:07:23.097678
475,Project_Lifecycle,474,474,Deliverable,4996581.557057142,5032514.748390634,35933.191333491355,2029-07-01 20:21:33.423429,2029-07-26 19:14:44.903438
476,Project_Lifecycle,476,476,Deliverable,5024486.5797951305,5058964.755105664,34478.175310533494,2029-07-21 05:26:34.787708,2029-08-14 04:04:45.306340
477,Project_Lifecycle,477,477,Deliverable,5027227.3849613005,5062711.470495401,35484.08553410042,2029-07-23 03:07:23.097678,2029-08-16 18:31:28.229724
478,Project_Lifecycle,478,478,Deliverable,5032514.748390634,5069925.180982877,37410.432592242956,2029-07-26 19:14:44.903438,2029-08-21 18:45:10.858973
479,Project_Lifecycle,479,479,Deliverable,5058964.755105664,5090353.93448695,31389.179381285794,2029-08-14 04:04:45.306340,2029-09-04 23:13:56.069217
480,Project_Lifecycle,480,480,Deliverable,5062711.470495401,5090494.03960269,27782.569107289426,2029-08-16 18:31:28.229724,2029-09-05 01:34:02.376161
481,Project_Lifecycle,482,482,Deliverable,5069925.180982877,5100407.987323911,30482.80634103436,2029-08-21 18:45:10.858973,2029-09-11 22:47:59.239435
482,Project_Lifecycle,481,481,Deliverable,5065097.3018409535,5104961.2348168185,39863.93297586497,2029-08-18 10:17:18.110457,2029-09-15 02:41:14.089009
483,Project_Lifecycle,485,485,Deliverable,5100407.987323911,5122720.549105548,22312.56178163737,2029-09-11 22:47:59.239435,2029-09-27 10:40:32.946333
484,Project_Lifecycle,483,483,Deliverable,5090353.93448695,5122774.694079328,32420.759592378512,2029-09-04 23:13:56.069217,2029-09-27 11:34:41.644760
485,Project_Lifecycle,484,484,Deliverable,5090494.03960269,5125231.032229775,34736.992627084255,2029-09-05 01:34:02.376161,2029-09-29 04:31:01.933786
486,Project_Lifecycle,486,486,Deliverable,5104961.2348168185,5129108.499162747,24147.264345928095,2029-09-15 02:41:14.089009,2029-10-01 21:08:29.949765
487,Project_Lifecycle,488,488,Deliverable,5123516.199834774,5152647.41664535,29131.216810575686,2029-09-27 23:56:11.990086,2029-10-18 05:27:24.998721
488,Project_Lifecycle,487,487,Deliverable,5114068.141241284,5155094.444202396,41026.302961112,2029-09-21 10:28:08.474477,2029-10-19 22:14:26.652144
489,Project_Lifecycle,489,489,Deliverable,5129108.499162747,5158616.721059097,29508.221896350384,2029-10-01 21:08:29.949765,2029-10-22 08:56:43.263546
490,Project_Lifecycle,490,490,Deliverable,5152647.41664535,5172264.454557473,19617.037912122905,2029-10-18 05:27:24.998721,2029-10-31 20:24:27.273448
491,Project_Lifecycle,493,493,Deliverable,5159656.017647522,5181280.025383074,21624.007735552266,2029-10-23 02:16:01.058851,2029-11-07 02:40:01.522984
492,Project_Lifecycle,491,491,Deliverable,5155094.444202396,5192696.536317008,37602.09211461153,2029-10-19 22:14:26.652144,2029-11-15 00:56:32.179020
493,Project_Lifecycle,494,494,Deliverable,5172264.454557473,5199217.674008501,26953.219451027922,2029-10-31 20:24:27.273448,2029-11-19 13:37:40.440510
494,Project_Lifecycle,492,492,Deliverable,5158616.721059097,5204406.843735856,45790.12267675903,2029-10-22 08:56:43.263546,2029-11-23 04:06:50.624151
495,Project_Lifecycle,495,495,Deliverable,5181280.025383074,5220767.972163071,39487.94677999709,2029-11-07 02:40:01.522984,2029-12-04 12:47:58.329784
496,Project_Lifecycle,497,497,Deliverable,5199217.674008501,5226244.083041377,27026.409032876603,2029-11-19 13:37:40.440510,2029-12-08 08:04:04.982483
497,Project_Lifecycle,496,496,Deliverable,5192696.536317008,5227681.006087431,34984.46977042314,2029-11-15 00:56:32.179020,2029-12-09 08:01:00.365246
498,Project_Lifecycle,498,498,Deliverable,5220767.972163071,5246397.677096979,25629.704933907837,2029-12-04 12:47:58.329784,2029-12-22 07:57:40.625819
499,Project_Lifecycle,499,499,Deliverable,5227681.006087431,5252716.2326396825,25035.226552251726,2029-12-09 08:01:00.365246,2029-12-26 17:16:13.958381
